City_ID,City,Country,Lat,Lng,Max Temp,Humidity,Cloudiness,Wind Speed,Current Description
0,Saint-Philippe,RE,-21.3585,55.7679,72.99,84,40,7.61,scattered clouds
1,Olafsvik,IS,64.8945,-23.7142,44.96,90,100,19.17,moderate rain
2,Mendi,PG,-6.1761,143.6513,53.42,95,71,4.38,broken clouds
3,Mataura,NZ,-46.1927,168.8643,49.48,97,98,0.98,overcast clouds
4,Cape Town,ZA,-33.9258,18.4232,57.9,81,0,4.61,clear sky
5,East London,ZA,-33.0153,27.9116,63.07,76,94,13.02,overcast clouds
6,Tazmalt,DZ,36.3868,4.3989,58.42,70,4,4.36,clear sky
7,Dikson,RU,73.5069,80.5464,23.25,93,100,29.06,light snow
8,Acajutla,SV,13.5928,-89.8275,86.2,67,43,8.3,scattered clouds
9,Thomaston,US,32.8882,-84.3266,73.18,66,100,4.61,overcast clouds
10,Motygino,RU,58.1831,94.7592,25.81,72,69,3.74,broken clouds
11,Beringovskiy,RU,63.05,179.3167,32.54,76,53,11.14,broken clouds
12,Sorland,NO,67.667,12.6934,39.06,97,100,14.03,overcast clouds
13,Atuona,PF,-9.8,-139.0333,78.58,75,1,16.06,clear sky
14,Shache,CN,38.4167,77.2406,72.09,21,0,5.73,clear sky
15,Vaini,TO,-21.2,-175.2,77.16,69,20,10.36,few clouds
16,Mindelo,CV,16.8901,-24.9804,72.95,68,20,20.71,few clouds
17,Jiguani,CU,20.3667,-76.4272,89.38,58,58,7.58,broken clouds
18,Taoudenni,ML,22.6783,-3.9836,88.63,7,46,11.18,scattered clouds
19,Stabat,ID,3.761,98.4513,80.8,98,100,2.55,overcast clouds
20,La Ronge,CA,55.1001,-105.2842,52.05,32,75,16.11,broken clouds
21,New Norfolk,AU,-42.7826,147.0587,41.72,81,45,2.66,scattered clouds
22,Nara,JP,34.6851,135.8049,56.52,41,100,3.4,overcast clouds
23,Punta Arenas,CL,-53.15,-70.9167,46.51,71,40,23.02,scattered clouds
24,Flinders,AU,-34.5833,150.8552,57.38,88,97,4.0,overcast clouds
25,Rikitea,PF,-23.1203,-134.9692,76.48,78,94,21.74,overcast clouds
26,Okato,NZ,-39.2,173.8833,63.18,90,98,11.99,overcast clouds
27,Cidreira,BR,-30.1811,-50.2056,67.08,75,0,14.2,clear sky
28,Hithadhoo,MV,-0.6,73.0833,84.38,78,94,20.24,overcast clouds
29,Fortuna,US,40.5982,-124.1573,50.34,89,75,9.22,broken clouds
30,Chuy,UY,-33.6971,-53.4616,64.96,68,5,4.47,clear sky
31,Eyl,SO,7.9803,49.8164,83.79,77,6,11.61,clear sky
32,Jamestown,US,42.097,-79.2353,69.53,20,0,12.66,clear sky
33,Georgetown,MY,5.4112,100.3354,82.33,92,20,3.44,moderate rain
34,Ushuaia,AR,-54.8,-68.3,42.46,75,40,32.21,scattered clouds
35,Kapaa,US,22.0752,-159.319,80.58,78,40,13.8,scattered clouds
36,Bluff,NZ,-46.6,168.3333,49.8,92,98,2.66,moderate rain
37,Koslan,RU,63.4564,48.8989,44.67,95,100,8.37,moderate rain
38,Te Anau,NZ,-45.4167,167.7167,48.43,92,100,0.78,light rain
39,Hilo,US,19.7297,-155.09,91.27,78,75,5.75,light rain
40,Grindavik,IS,63.8424,-22.4338,51.75,100,100,19.57,light intensity drizzle
41,Brae,GB,60.3964,-1.353,48.06,87,100,17.09,overcast clouds
42,Clyde River,CA,70.4692,-68.5914,30.43,74,100,0.0,overcast clouds
43,Loum,CM,4.7182,9.7351,74.57,97,97,0.74,light rain
44,Luderitz,NA,-26.6481,15.1594,62.02,45,75,9.46,broken clouds
45,Ahuimanu,US,21.4447,-157.8378,82.11,68,75,10.36,broken clouds
46,Umm Lajj,SA,25.0213,37.2685,82.0,39,100,7.02,overcast clouds
47,Lagoa,PT,39.05,-27.9833,61.81,80,58,10.2,broken clouds
48,Qaanaaq,GL,77.484,-69.3632,25.79,74,100,1.45,overcast clouds
49,Puerto Escondido,MX,15.85,-97.0667,86.83,70,0,9.22,clear sky
50,Nikolskoye,RU,59.7035,30.7861,41.72,89,84,5.41,broken clouds
51,Basco,PH,20.4487,121.9702,82.74,77,85,14.58,overcast clouds
52,San Jose De Rio Tinto,HN,14.9333,-85.7,99.97,35,25,3.36,scattered clouds
53,Cabo San Lucas,MX,22.8909,-109.9124,90.7,27,40,13.8,scattered clouds
54,Alexandria,EG,31.2156,29.9553,69.76,68,0,11.5,clear sky
55,Vao,NC,-22.6667,167.4833,74.25,60,84,16.98,broken clouds
56,Hermanus,ZA,-34.4187,19.2345,50.81,74,95,4.07,overcast clouds
57,Husavik,IS,66.0449,-17.3389,42.17,91,100,2.57,overcast clouds
58,El Estor,GT,15.5333,-89.35,93.6,51,97,3.18,overcast clouds
59,Rawson,AR,-43.3002,-65.1023,65.41,30,70,20.31,broken clouds
60,Priargunsk,RU,50.3691,119.1012,50.9,22,46,10.18,scattered clouds
61,Puerto Ayora,EC,-0.7393,-90.3518,78.76,77,11,11.21,few clouds
62,Butaritari,KI,3.0707,172.7902,82.06,78,14,15.95,few clouds
63,Albany,US,42.6001,-73.9662,64.92,26,100,1.01,overcast clouds
64,Busselton,AU,-33.65,115.3333,56.07,81,2,2.08,clear sky
65,Yerbogachen,RU,61.2767,108.0108,29.48,91,99,12.39,light snow
66,Papara,BR,-3.9839,-38.7273,80.69,92,100,2.75,light rain
67,Rio Grande,BR,-32.035,-52.0986,71.71,78,1,8.86,clear sky
68,Xam Nua,LA,20.4197,104.0439,66.25,99,96,1.66,overcast clouds
69,Kruisfontein,ZA,-34.0033,24.7314,52.88,68,100,3.94,overcast clouds
70,Mana,GF,5.6592,-53.7767,81.75,74,35,9.55,scattered clouds
71,Provideniya,RU,64.3833,-173.3,32.45,96,84,8.84,light snow
72,Fairbanks,US,64.8378,-147.7164,43.21,64,100,12.66,overcast clouds
73,Nelson Bay,AU,-32.7167,152.15,52.0,89,0,6.67,light rain
74,Necochea,AR,-38.5473,-58.7368,71.55,55,8,15.57,clear sky
75,Zhanaozen,KZ,43.3,52.8,56.84,86,74,13.62,broken clouds
76,Kahului,US,20.8947,-156.47,84.22,51,40,17.27,scattered clouds
77,Dillon,US,34.4166,-79.3712,62.58,64,96,15.12,overcast clouds
78,Constitucion,CL,-35.3333,-72.4167,57.38,80,100,4.07,overcast clouds
79,Statesville,US,35.7826,-80.8873,61.92,63,100,8.05,overcast clouds
80,Kodiak,US,57.79,-152.4072,47.71,43,0,21.85,clear sky
81,Atar,MR,20.5169,-13.0499,96.22,16,98,11.56,overcast clouds
82,Blagoyevo,RU,63.3667,47.9167,39.85,93,100,8.12,overcast clouds
83,Daru,PG,-9.0763,143.2092,80.65,90,77,9.71,broken clouds
84,Thompson,CA,55.7435,-97.8558,60.96,41,40,18.41,scattered clouds
85,Saskylakh,RU,71.9167,114.0833,9.66,94,95,14.03,overcast clouds
86,Iqaluit,CA,63.7506,-68.5145,29.93,58,75,4.61,broken clouds
87,North Bend,US,43.4065,-124.2243,48.24,89,100,6.91,overcast clouds
88,Hobart,AU,-42.8794,147.3294,42.06,90,0,11.5,clear sky
89,Almaznyy,RU,48.0448,40.045,48.7,53,94,4.59,overcast clouds
90,Sesheke,ZM,-17.4759,24.2968,68.45,33,0,1.74,clear sky
91,Manitouwadge,CA,49.1215,-85.8403,63.5,19,80,14.94,broken clouds
92,Neiafu,TO,-18.65,-173.9833,79.48,78,75,4.61,broken clouds
93,Yeppoon,AU,-23.1333,150.7333,67.78,88,100,13.94,light rain
94,Upernavik,GL,72.7868,-56.1549,20.86,77,87,6.42,overcast clouds
95,Mwingi,KE,-0.9344,38.0601,69.31,74,81,8.63,broken clouds
96,Port Alfred,ZA,-33.5906,26.891,58.17,91,98,1.99,overcast clouds
97,Hamilton,US,39.1834,-84.5333,71.76,48,0,9.22,clear sky
98,Jalu,LY,29.0331,21.5482,75.11,30,0,16.02,clear sky
99,Portland,US,45.5234,-122.6762,50.23,82,100,4.61,overcast clouds
100,Inhambane,MZ,-23.865,35.3833,71.71,86,0,8.01,light rain
101,Ulladulla,AU,-35.35,150.4667,49.77,85,48,8.16,scattered clouds
102,Okoneshnikovo,RU,54.8377,75.0834,48.43,58,8,0.67,clear sky
103,Namibe,AO,-15.1961,12.1522,73.06,65,0,9.84,clear sky
104,San Patricio,US,28.017,-97.5169,89.69,48,3,20.36,clear sky
105,Avarua,CK,-21.2078,-159.775,84.25,79,40,6.91,scattered clouds
106,Ponta Do Sol,PT,32.6667,-17.1,67.01,77,42,4.94,scattered clouds
107,Moose Factory,CA,51.2585,-80.6094,71.6,21,0,12.66,clear sky
108,Kontagora,NG,10.3999,5.4695,79.92,67,100,7.38,light rain
109,Lavrentiya,RU,65.5833,-171.0,32.22,90,100,5.23,overcast clouds
110,Fort Nelson,CA,58.8053,-122.7002,33.39,86,100,17.27,mist
111,Smithers,CA,54.7804,-127.1743,53.92,40,75,11.5,light intensity shower rain
112,Labuhan,ID,-6.8844,112.2051,78.57,88,97,7.29,overcast clouds
113,Khatanga,RU,71.9667,102.5,2.59,97,57,9.01,broken clouds
114,Castro,BR,-24.7911,-50.0119,63.43,73,3,5.95,clear sky
115,Bubaque,GW,11.2833,-15.8333,77.5,72,24,12.48,few clouds
116,Pisco,PE,-13.7,-76.2167,73.45,68,36,23.02,dust
117,Mecca,SA,21.4267,39.8261,82.67,38,0,6.62,clear sky
118,Barrow,US,71.2906,-156.7887,24.82,80,100,10.36,overcast clouds
119,Nago,JP,26.5881,127.9761,76.05,93,98,6.29,overcast clouds
120,Matara,LK,5.9485,80.5353,80.96,87,92,13.69,overcast clouds
121,Iracoubo,GF,5.4802,-53.2011,81.09,77,18,10.74,few clouds
122,Sept-Iles,CA,50.2001,-66.3821,49.05,42,20,13.8,few clouds
123,Bara,NG,10.3744,10.7288,92.26,42,92,9.31,overcast clouds
124,Coihaique,CL,-45.5752,-72.0662,49.95,50,75,8.05,broken clouds
125,Isangel,VU,-19.55,169.2667,74.17,72,28,12.46,scattered clouds
126,Ushumun,RU,52.7833,126.5333,43.14,46,99,7.58,overcast clouds
127,Belyy Yar,RU,53.6039,91.3903,30.85,48,0,4.47,clear sky
128,Lompoc,US,34.6391,-120.4579,71.56,58,0,37.0,clear sky
129,Kefamenanu,ID,-9.4467,124.4781,73.54,76,87,7.58,overcast clouds
130,Les Cayes,HT,18.2,-73.75,83.25,61,5,8.68,clear sky
131,Hasaki,JP,35.7333,140.8333,59.4,54,100,12.62,overcast clouds
132,San Roque,ES,36.2107,-5.3842,65.23,82,0,4.61,clear sky
133,Makakilo City,US,21.3469,-158.0858,80.92,57,75,10.36,broken clouds
134,Nabire,ID,-3.3667,135.4833,77.61,91,100,2.91,overcast clouds
135,Broome,US,42.2506,-75.833,65.98,25,0,14.97,clear sky
136,Takayama,JP,36.1333,137.25,44.6,82,97,1.01,overcast clouds
137,Owatonna,US,44.0839,-93.226,59.49,64,100,19.57,overcast clouds
138,Mar Del Plata,AR,-38.0023,-57.5575,71.94,67,0,18.41,clear sky
139,Victoria,HK,22.2855,114.1577,77.38,79,100,8.01,light rain
140,Nhulunbuy,AU,-12.2333,136.7667,81.21,83,40,9.22,scattered clouds
141,La Libertad,EC,-2.2333,-80.9,78.46,78,0,16.11,clear sky
142,Maarianhamina,AX,60.0973,19.9348,31.86,74,0,1.14,clear sky
143,Port Blair,IN,11.6667,92.75,78.84,89,100,11.5,overcast clouds
144,Souillac,MU,-20.5167,57.5167,75.58,88,20,3.44,light rain
145,Svetlyy,RU,54.675,20.1347,48.25,66,94,13.71,overcast clouds
146,Soe,ID,-9.8607,124.284,64.58,90,56,3.87,broken clouds
147,Koson,UZ,39.0375,65.585,80.92,33,85,8.12,overcast clouds
148,Itaporanga,BR,-7.3044,-38.1503,85.98,44,97,7.76,overcast clouds
149,Nemuro,JP,43.3236,145.575,39.74,78,38,8.48,scattered clouds
150,Yellowknife,CA,62.456,-114.3525,28.56,86,100,26.46,light snow
151,Yining,CN,29.0361,114.5636,66.67,99,86,0.67,overcast clouds
152,Tiksi,RU,71.6872,128.8694,1.27,100,92,4.56,overcast clouds
153,Aklavik,CA,68.2191,-135.0107,39.52,75,28,9.66,scattered clouds
154,Minot,US,48.2325,-101.2963,66.31,34,75,5.75,broken clouds
155,Xunchang,CN,28.4543,104.715,71.58,90,100,1.83,light rain
156,Ferkessedougou,CI,9.6,-5.2,88.29,39,35,6.08,scattered clouds
157,Iguape,BR,-24.7081,-47.5553,70.3,75,92,7.83,overcast clouds
158,Anadyr,RU,64.75,177.4833,34.3,93,75,20.13,broken clouds
159,Carnarvon,AU,-24.8667,113.6333,62.67,94,0,5.75,clear sky
160,Novikovo,RU,51.1537,37.8879,54.41,59,82,5.61,broken clouds
161,Xicotencatl,MX,23.0167,-98.8833,100.47,29,7,11.21,clear sky
162,Nizwa,OM,22.9333,57.5333,86.52,23,0,3.2,clear sky
163,Agirish,RU,61.9247,63.0231,43.88,81,12,5.88,few clouds
164,Tuktoyaktuk,CA,69.4541,-133.0374,39.2,70,75,12.66,broken clouds
165,Pevek,RU,69.7008,170.3133,23.36,89,100,13.31,overcast clouds
166,Faya,SA,18.3851,42.4509,66.31,56,0,1.86,clear sky
167,Carutapera,BR,-1.195,-46.02,75.58,95,99,5.93,overcast clouds
168,Santa Rita,BR,-7.1139,-34.9781,81.27,78,20,10.36,few clouds
169,Leningradskiy,RU,69.3833,178.4167,22.53,94,100,5.37,overcast clouds
170,La Asuncion,VE,11.0333,-63.8628,87.53,62,11,16.11,few clouds
171,San Cristobal,VE,7.7669,-72.225,80.78,59,87,5.82,overcast clouds
172,Praia Da Vitoria,PT,38.7333,-27.0667,65.75,77,20,4.41,few clouds
173,Filingue,NE,14.3521,3.3168,96.3,18,42,5.84,scattered clouds
174,Port Elizabeth,ZA,-33.918,25.5701,62.31,89,100,6.91,light rain
175,Saint-Pierre,RE,-21.3393,55.4781,73.08,68,0,3.44,clear sky
176,Hami,CN,42.8,93.45,67.55,31,0,9.95,clear sky
177,Geraldton,AU,-28.7667,114.6,55.81,94,40,8.05,scattered clouds
178,Markapur,IN,15.7333,79.2833,87.15,52,100,4.36,overcast clouds
179,Zeya,RU,53.75,127.2667,42.39,41,83,5.39,broken clouds
180,Mogzon,RU,51.7435,111.9606,39.7,92,100,10.63,moderate rain
181,Panguna,PG,-6.3164,155.4848,68.94,97,34,2.59,light rain
182,Lyubytino,RU,58.8122,33.3922,36.45,93,24,6.78,few clouds
183,College,US,64.8569,-147.8028,43.2,64,75,12.66,broken clouds
184,Wanning,CN,18.8003,110.3967,77.14,87,100,1.28,overcast clouds
185,Sambava,MG,-14.2667,50.1667,75.42,90,17,8.23,light rain
186,Kandi,BJ,11.1342,2.9386,85.93,49,100,6.6,overcast clouds
187,Karratha,AU,-20.7377,116.8463,77.05,35,100,11.27,overcast clouds
188,Itarema,BR,-2.9248,-39.9167,78.46,89,100,10.94,light rain
189,Aguimes,ES,27.9054,-15.4461,66.67,77,20,24.0,few clouds
190,Bonavista,CA,48.6499,-53.1147,34.65,69,4,12.26,clear sky
191,Harper,LR,4.375,-7.7169,79.48,84,100,6.62,overcast clouds
192,Alofi,NU,-19.0595,-169.9187,76.89,88,100,10.36,drizzle
193,Katsuura,JP,35.1333,140.3,61.0,68,100,11.43,overcast clouds
194,Mahebourg,MU,-20.4081,57.7,75.49,88,20,3.44,few clouds
195,Zapolyarnyy,RU,69.4154,30.8136,31.28,80,92,2.51,overcast clouds
196,Notre-Dame-Du-Lac,CA,47.6136,-68.7964,62.94,32,1,4.5,clear sky
197,Esperance,AU,-33.8667,121.9,60.28,46,2,9.42,clear sky
198,Dwarka,IN,22.2394,68.9678,81.5,77,0,13.09,clear sky
199,Tura,IN,25.5198,90.2201,71.56,82,12,4.36,few clouds
200,Severo-Kurilsk,RU,50.6789,156.125,38.66,95,100,20.02,moderate rain
201,Pau Dos Ferros,BR,-6.1125,-38.2063,85.28,51,100,4.5,overcast clouds
202,Oranjemund,NA,-28.55,16.4333,56.32,77,39,11.81,scattered clouds
203,Tomatlan,MX,19.9333,-105.25,87.67,49,7,11.27,clear sky
204,Artyom,AZ,40.4723,50.333,55.54,82,97,20.38,overcast clouds
205,Camacha,PT,33.0833,-16.3333,60.22,67,20,10.36,few clouds
206,Cleethorpes,GB,53.5605,-0.0323,52.45,76,8,14.97,clear sky
207,Yulara,AU,-25.2406,130.9889,51.64,40,100,5.75,overcast clouds
208,Chokurdakh,RU,70.6333,147.9167,11.35,85,58,7.85,broken clouds
209,Agnibilekrou,CI,7.1344,-3.2047,72.5,99,100,3.24,heavy intensity rain
210,Sidney,AU,-33.8679,151.2073,59.72,83,75,16.11,moderate rain
211,Namatanai,PG,-3.6667,152.4333,80.53,82,99,11.97,overcast clouds
212,Klaksvik,FO,62.2266,-6.589,49.12,97,100,22.39,light rain
213,Jalingo,NG,8.8833,11.3667,86.16,57,18,2.15,few clouds
214,Clarence Town,AU,-32.5833,151.7833,54.81,82,1,2.86,clear sky
215,Hay River,CA,60.8156,-115.7999,31.98,86,100,17.27,light snow
216,Talnakh,RU,69.4865,88.3972,9.21,95,71,7.11,broken clouds
217,Salihli,TR,38.4826,28.1477,60.71,64,94,3.85,overcast clouds
218,Saint George,US,37.1041,-113.5841,83.25,12,0,26.46,clear sky
219,Vardo,NO,70.3705,31.1107,26.58,80,0,9.22,clear sky
220,Margate,GB,51.3813,1.3862,48.69,79,5,4.0,clear sky
221,Manaure,CO,11.7751,-72.4445,88.16,60,78,8.9,broken clouds
222,Tchollire,CM,8.4022,14.1698,87.4,38,50,2.17,scattered clouds
223,Kent,GB,51.1667,0.6667,50.5,82,6,7.02,clear sky
224,Talara,PE,-4.5772,-81.2719,77.76,61,0,20.71,clear sky
225,Ribeira Grande,PT,38.5167,-28.7,64.8,77,20,9.22,few clouds
226,Maceio,BR,-9.6658,-35.7353,78.24,73,75,11.5,light rain
227,Syava,RU,58.0146,46.3222,51.19,66,80,10.71,broken clouds
228,Khorol,UA,49.7837,33.2783,53.6,60,98,6.53,overcast clouds
229,Itaituba,BR,-4.2761,-55.9836,84.36,79,75,4.61,broken clouds
230,Show Low,US,34.2542,-110.0298,73.65,12,0,36.82,clear sky
231,Mitsamiouli,KM,-11.3847,43.2844,81.25,77,21,5.44,light rain
232,Ancud,CL,-41.8697,-73.8203,53.64,78,22,6.64,few clouds
233,Lazaro Cardenas,MX,17.9583,-102.2,84.6,53,12,11.5,few clouds
234,Saravan,AM,39.7196,45.6483,40.62,93,96,0.92,overcast clouds
235,Ponta Delgada,PT,37.7333,-25.6667,69.49,77,20,8.05,few clouds
236,Pacific Grove,US,36.6177,-121.9166,60.91,67,40,19.57,scattered clouds
237,Takoradi,GH,4.8845,-1.7554,81.09,82,98,10.71,overcast clouds
238,Loubomo,CG,-4.1997,12.6739,73.65,96,46,3.87,light rain
239,Spas-Demensk,RU,54.4122,34.0226,46.87,94,100,6.51,overcast clouds
240,Witu,KE,-2.3889,40.4382,78.96,82,58,13.89,broken clouds
241,Atikokan,CA,48.7555,-91.6216,47.75,87,100,11.32,light rain
242,Tessalit,ML,20.1986,1.0114,84.96,6,0,9.98,clear sky
243,Kajaani,FI,64.2273,27.7285,33.85,55,0,3.44,clear sky
244,Adrar,MR,20.5022,-10.0711,94.19,11,91,5.68,overcast clouds
245,Tasiilaq,GL,65.6145,-37.6368,37.56,64,100,4.47,overcast clouds
246,Arman,RU,59.7,150.1667,34.02,78,79,3.98,broken clouds
247,Teguise,ES,29.0605,-13.564,64.62,77,20,25.32,few clouds
248,Mosetse,BW,-20.75,26.65,69.87,26,0,5.66,clear sky
249,Tacuarembo,UY,-31.7333,-55.9833,69.44,69,3,4.16,clear sky
250,Mairang,IN,25.5667,91.6333,58.41,89,0,2.24,clear sky
251,Gorin,RU,51.1983,136.6669,36.12,83,100,6.08,overcast clouds
252,Havre-Saint-Pierre,CA,50.2334,-63.5986,43.16,49,75,20.71,broken clouds
253,Sakaiminato,JP,35.55,133.2333,57.18,67,75,14.97,light rain
254,Bambous Virieux,MU,-20.3428,57.7575,75.45,88,20,3.44,few clouds
255,Haines Junction,CA,60.7522,-137.5108,48.15,43,16,6.91,few clouds
256,Cap Malheureux,MU,-19.9842,57.6142,73.47,79,3,4.0,clear sky
257,Korsakov,RU,46.6328,142.7813,37.24,86,100,13.33,light rain
258,Vanavara,RU,60.34,102.2797,25.97,88,100,10.13,overcast clouds
259,Bikin,RU,46.8161,134.26,39.52,66,100,1.99,overcast clouds
260,Sao Jose Da Coroa Grande,BR,-8.8978,-35.1478,77.7,82,24,10.65,few clouds
261,Kamaishi,JP,39.2667,141.8833,47.5,83,100,6.15,overcast clouds
262,Tinskoy,RU,56.1525,96.9161,31.5,50,100,6.91,overcast clouds
263,Kulim,MY,5.365,100.5618,81.93,93,100,3.0,moderate rain
264,Bethel,US,41.3712,-73.414,59.85,42,0,13.8,clear sky
265,Solano,US,38.2333,-121.9511,64.29,43,75,13.8,broken clouds
266,Zhob,PK,31.3411,69.4481,78.35,19,0,3.09,clear sky
267,Ahipara,NZ,-35.1667,173.1667,60.53,86,95,6.64,overcast clouds
268,Siguiri,GN,11.6667,-9.5,90.46,34,100,2.3,overcast clouds
269,La Rioja,ES,42.25,-2.5,53.38,82,97,3.78,overcast clouds
270,Bredasdorp,ZA,-34.5322,20.0403,54.9,88,99,2.26,overcast clouds
271,Livramento,BR,-3.0254,-60.1803,77.67,94,75,1.14,broken clouds
272,Prince Rupert,CA,54.3161,-130.3201,50.09,74,0,13.8,clear sky
273,Airai,TL,-8.9266,125.4092,58.59,88,33,4.47,scattered clouds
274,Puerto Baquerizo Moreno,EC,-0.9,-89.6,81.59,65,40,18.41,scattered clouds
275,Pangkalanbuun,ID,-2.6833,111.6167,74.37,99,100,2.39,moderate rain
276,Korla,CN,41.7597,86.1469,67.59,45,0,9.84,clear sky
277,Inta,RU,66.0317,60.1659,46.15,77,96,15.64,overcast clouds
278,Torbay,CA,47.6666,-52.7314,45.88,65,20,14.97,few clouds
279,Kachug,RU,53.9606,105.8817,30.31,67,100,8.14,overcast clouds
280,Codrington,AU,-38.2667,141.9667,46.22,91,45,5.32,scattered clouds
281,Huilong,CN,31.8111,121.655,59.94,68,3,11.25,clear sky
282,Shelburne,CA,44.0787,-80.2041,61.59,35,1,11.99,clear sky
283,Baturaja,ID,-4.1333,104.1667,74.82,90,100,2.28,overcast clouds
284,Luoyang,CN,34.6836,112.4536,51.17,69,100,10.89,light rain
285,Mount Gambier,AU,-37.8333,140.7667,43.97,86,96,4.09,overcast clouds
286,Lubaczow,PL,50.157,23.1234,58.51,70,46,3.62,scattered clouds
287,Nouakchott,MR,18.0858,-15.9785,67.93,77,9,18.48,clear sky
288,Kalakamati,BW,-20.5929,27.3121,64.49,33,1,3.56,clear sky
289,Intipuca,SV,13.1969,-88.0544,93.15,63,72,6.26,broken clouds
290,Xuddur,SO,4.1213,43.8894,79.36,67,36,9.42,scattered clouds
291,Neral,IN,19.0333,73.3167,85.62,69,72,3.44,broken clouds
292,Lata,PT,40.1629,-8.3327,61.18,70,3,2.39,clear sky
293,Abu Dhabi,AE,24.4667,54.3667,86.11,69,0,4.61,clear sky
294,Faanui,PF,-16.4833,-151.75,81.86,75,0,10.54,light rain
295,Turukhansk,RU,65.8167,87.9833,3.4,99,52,1.81,broken clouds
296,Wawa,NG,9.9022,4.4192,86.14,54,99,2.15,overcast clouds
297,Olinda,BR,-8.0089,-34.8553,76.73,88,75,14.97,broken clouds
298,Kinango,KE,-4.1372,39.3153,75.74,87,100,8.59,overcast clouds
299,Hambantota,LK,6.1241,81.1185,82.09,83,97,18.12,overcast clouds
300,Manzhouli,CN,49.6,117.4333,49.95,24,75,10.92,broken clouds
301,Kalabo,ZM,-14.97,22.6814,72.48,40,94,3.96,overcast clouds
302,Kargil,IN,34.5667,76.1,46.89,41,8,3.98,clear sky
303,Caravelas,BR,-17.7125,-39.2481,73.56,87,100,9.93,overcast clouds
304,Grand Island,US,40.925,-98.342,74.23,68,75,6.91,broken clouds
305,Nalut,LY,30.3333,10.85,69.62,29,1,7.61,clear sky
306,Kutum,SD,14.2,24.6667,80.87,7,14,6.08,few clouds
307,Jaunpur,IN,25.7333,82.6833,87.3,37,0,8.16,clear sky
308,Arica,CL,-18.475,-70.3042,74.75,56,0,14.97,clear sky
309,Santa Cruz,BO,-17.8,-63.1667,86.05,42,20,14.97,few clouds
310,Kungurtug,RU,50.5994,97.5228,25.63,79,83,6.35,broken clouds
311,Manokwari,ID,-0.8667,134.0833,80.19,79,100,5.14,overcast clouds
312,Port Lincoln,AU,-34.7333,135.8667,57.9,76,97,8.95,overcast clouds
313,Contamana,PE,-7.3333,-75.0167,90.64,46,96,1.54,overcast clouds
314,Darhan,MN,49.4867,105.9228,38.61,90,100,19.95,moderate rain
315,Arraial Do Cabo,BR,-22.9661,-42.0278,75.06,64,75,9.22,broken clouds
316,Ilhabela,BR,-23.7781,-45.3581,70.83,83,66,5.37,broken clouds
317,Brewster,US,41.3973,-73.6171,61.29,40,0,13.8,clear sky
318,Avera,US,33.194,-82.5271,71.11,52,100,6.55,overcast clouds
319,Yar-Sale,RU,66.8333,70.8333,35.47,100,100,10.51,overcast clouds
320,Uberaba,BR,-19.7483,-47.9319,77.58,69,40,4.61,scattered clouds
321,Dudinka,RU,69.4058,86.1778,9.63,93,69,10.45,broken clouds
322,La Peca,PE,-5.6111,-78.435,80.69,61,65,3.98,light rain
323,Altay,CN,47.8667,88.1167,46.0,43,100,5.1,overcast clouds
324,Araouane,ML,18.9048,-3.5265,87.44,6,0,12.19,clear sky
325,Pampa,US,35.5362,-100.9599,90.57,20,0,0.0,clear sky
326,Bengkulu,ID,-3.8004,102.2655,77.14,82,96,4.07,overcast clouds
327,Williamsport,US,41.2412,-77.0011,69.1,26,0,10.36,clear sky
328,Manoel Urbano,BR,-8.8389,-69.2597,88.02,53,70,0.18,broken clouds
329,Alugan,PH,12.2188,125.4808,79.79,80,28,6.73,scattered clouds
330,Saint-Leu,RE,-21.15,55.2833,72.46,76,1,2.71,clear sky
331,Pemberton,CA,50.3164,-122.8027,55.09,75,98,3.31,overcast clouds
332,Viedma,AR,-40.8135,-62.9967,67.35,38,97,18.05,overcast clouds
333,Sioux Lookout,CA,50.1001,-91.917,44.67,93,100,11.5,light rain
334,Port Jervis,US,41.3751,-74.6927,62.24,39,66,12.57,broken clouds
335,Hurghada,EG,27.2574,33.8129,80.64,28,0,2.3,clear sky
336,Batticaloa,LK,7.7102,81.6924,83.37,78,100,7.52,very heavy rain
337,Dombarovskiy,RU,50.7587,59.5386,49.41,41,94,12.26,overcast clouds
338,Nicoya,CR,10.1483,-85.452,85.42,68,92,5.97,overcast clouds
339,Calapi,PH,11.9435,125.0206,71.15,96,33,2.95,scattered clouds
340,West Wendover,US,40.7391,-114.0733,52.81,35,0,29.93,clear sky
341,Prachin Buri,TH,14.0833,101.6667,77.32,88,100,3.83,light rain
342,Narsaq,GL,60.9167,-46.05,55.62,74,93,3.67,overcast clouds
343,Manama,BH,26.2154,50.5832,80.58,48,0,12.66,clear sky
344,Burns Lake,CA,54.2331,-125.7533,44.02,51,100,8.19,overcast clouds
345,Laguna,US,38.421,-121.4238,65.14,42,75,19.57,broken clouds
346,Birjand,IR,32.8663,59.2211,66.67,45,40,16.11,sand
347,Evensk,RU,61.95,159.2333,30.33,90,93,2.06,overcast clouds
348,Kaitangata,NZ,-46.2817,169.8464,49.78,95,77,2.82,broken clouds
349,Ust-Maya,RU,60.4167,134.5333,40.57,86,100,8.37,overcast clouds
350,Soyo,AO,-6.1349,12.3689,78.39,90,24,6.73,few clouds
351,Tilichiki,RU,60.4667,166.1,29.35,86,99,2.3,overcast clouds
352,Valdivia,CL,-39.8142,-73.2459,64.49,72,44,0.54,scattered clouds
353,Fukue,JP,32.6881,128.8419,63.3,72,87,18.54,overcast clouds
354,Chor,PK,25.5167,69.7667,85.71,47,0,16.13,clear sky
355,Kenora,CA,49.8167,-94.4337,50.97,100,100,11.99,light intensity shower rain
356,Port Moresby,PG,-9.4431,147.1797,76.42,94,20,5.75,few clouds
357,Guozhen,CN,34.3659,107.359,57.0,91,100,2.91,overcast clouds
358,Dhidhdhoo,MV,6.8833,73.1,84.87,71,88,17.38,overcast clouds
359,Ambulu,ID,-8.345,113.6058,76.01,91,89,2.77,overcast clouds
360,Sibolga,ID,1.7427,98.7792,76.64,86,99,3.53,overcast clouds
361,Xinyu,CN,27.8043,114.9334,69.03,99,100,2.55,moderate rain
362,Gat,IL,31.61,34.7642,68.4,51,1,7.14,clear sky
363,Malanje,AO,-9.5402,16.341,69.76,73,53,1.32,broken clouds
364,Maniitsoq,GL,65.4167,-52.9,33.01,82,30,16.71,scattered clouds
365,Tuatapere,NZ,-46.1333,167.6833,50.74,92,100,3.87,overcast clouds
366,Bandarbeyla,SO,9.4942,50.8122,82.9,84,19,6.69,few clouds
367,San Carlos De Bariloche,AR,-41.1456,-71.3082,55.15,50,20,21.85,few clouds
368,Jambi,ID,-1.6,103.6167,74.7,92,100,2.19,overcast clouds
369,Uchiza,PE,-8.4592,-76.4633,84.15,60,42,2.28,scattered clouds
370,Batavia,US,41.85,-88.3126,67.41,49,0,20.71,clear sky
371,Kaputa,ZM,-8.4689,29.6619,69.6,79,21,3.83,few clouds
372,Zhigansk,RU,66.7697,123.3711,19.98,94,100,25.57,snow
373,Nishihara,JP,26.1842,127.7558,75.25,97,100,9.22,overcast clouds
374,Saldanha,ZA,-33.0117,17.9442,53.65,88,100,9.51,overcast clouds
375,Bluefields,NI,12.0137,-83.7635,87.87,74,20,4.61,few clouds
376,Rudnogorsk,RU,57.2639,103.7519,26.24,68,46,9.33,scattered clouds
377,Beyneu,KZ,45.3167,55.2,64.15,63,100,15.1,light rain
378,Boyolangu,ID,-8.1181,111.8935,76.8,92,100,0.63,overcast clouds
379,Phatthalung,TH,7.5,100.0833,78.4,90,100,3.56,heavy intensity rain
380,Valverde Del Camino,ES,37.5751,-6.7543,68.04,55,26,3.29,scattered clouds
381,Oyem,GA,1.5995,11.5793,69.91,98,100,2.21,light rain
382,Saint-Augustin,CA,51.226,-58.6502,46.69,43,92,12.37,overcast clouds
383,Baillif,GP,16.0202,-61.7463,81.9,78,100,12.15,overcast clouds
384,Burnie,AU,-41.0667,145.9167,46.76,78,37,4.59,scattered clouds
385,Ossora,RU,59.2353,163.0719,33.48,95,100,2.86,overcast clouds
386,Ujiie,JP,36.6833,139.9667,53.58,71,100,2.13,overcast clouds
387,Grand Gaube,MU,-20.0064,57.6608,75.6,79,2,4.0,clear sky
388,Kearney,US,40.6995,-99.0815,75.76,48,0,6.91,clear sky
389,Tiznit,MA,29.5833,-9.5,80.96,19,11,3.71,few clouds
390,Jabinyanah,TN,35.035,10.9081,66.0,64,70,1.86,broken clouds
391,Chabahar,IR,25.2919,60.643,83.01,69,0,8.79,clear sky
392,Palana,RU,59.1167,159.9667,32.68,89,100,4.92,overcast clouds
393,Poum,NC,-20.2333,164.0167,76.06,65,100,12.06,overcast clouds
394,Diamantino,BR,-14.4086,-56.4461,86.56,40,5,4.59,clear sky
395,Huntington,US,38.4193,-82.4452,69.73,50,20,6.91,few clouds
396,Arlit,NE,18.7369,7.3853,94.21,16,100,6.31,overcast clouds
397,Cherskiy,RU,68.75,161.3,19.96,94,99,9.04,light snow
398,Muros,ES,42.7762,-9.0603,69.67,66,98,3.38,overcast clouds
399,Belluno,IT,46.145,12.2214,60.64,81,100,2.95,overcast clouds
400,Bocana De Paiwas,NI,12.7857,-85.1227,92.77,44,59,4.16,broken clouds
401,Bambanglipuro,ID,-7.95,110.2833,77.54,90,100,2.17,overcast clouds
402,Longyearbyen,SJ,78.2186,15.6401,17.44,62,75,20.71,broken clouds
403,Komsomolskiy,UZ,40.4272,71.7189,70.52,49,0,6.91,clear sky
404,Channel-Port Aux Basques,CA,47.5702,-59.1367,40.12,64,1,14.07,clear sky
405,Bathsheba,BB,13.2167,-59.5167,84.81,70,20,16.11,few clouds
406,Hobyo,SO,5.3505,48.5268,83.19,83,100,16.53,overcast clouds
407,Vanimo,PG,-2.6741,141.3028,78.49,90,100,6.04,overcast clouds
408,Qaqortoq,GL,60.7167,-46.0333,38.17,80,100,3.24,overcast clouds
409,Galle,LK,6.0367,80.217,81.77,86,98,16.53,overcast clouds
410,Santiago Del Estero,AR,-27.7951,-64.2615,70.38,54,98,9.93,overcast clouds
411,Moyo,UG,3.6609,31.7247,71.15,76,100,2.55,light rain
412,Outram,MY,1.2829,103.8379,82.42,83,75,5.75,broken clouds
413,Neryungri,RU,56.6709,124.6491,36.36,96,100,7.94,overcast clouds
414,Buraydah,SA,26.326,43.975,81.05,15,10,8.86,clear sky
415,Praya,CV,14.9215,-23.5087,73.94,68,40,13.8,scattered clouds
416,Sinnamary,GF,5.3833,-52.95,81.37,76,35,11.03,scattered clouds
417,Rio Claro,BR,-22.4114,-47.5614,73.56,70,33,4.99,scattered clouds
418,Vigrestad,NO,58.5667,5.7,45.59,72,100,6.64,overcast clouds
419,Shagonar,RU,51.5333,92.8,35.58,56,84,4.79,broken clouds
420,Kimbe,PG,-5.5502,150.1429,76.33,92,100,3.58,overcast clouds
421,Narrabri,AU,-30.3167,149.7833,43.52,80,0,4.0,clear sky
422,Roura,GF,4.7263,-52.3274,84.11,65,20,14.97,few clouds
423,Sabang,ID,5.8933,95.3214,81.91,77,100,6.51,overcast clouds
424,Hofn,IS,64.2539,-15.2082,46.26,99,100,6.91,light rain
425,Norman Wells,CA,65.282,-126.8329,42.84,49,75,8.05,broken clouds
426,Tommot,RU,58.9564,126.2925,37.08,98,100,6.76,light rain
427,Isaka,TZ,-3.9,32.9333,70.18,57,98,4.25,overcast clouds
428,Meadow Lake,US,34.8014,-106.5436,87.62,12,4,23.67,clear sky
429,Cloquet,US,46.7216,-92.4594,53.38,92,100,8.05,overcast clouds
430,Guerrero Negro,MX,27.9769,-114.0611,67.28,57,0,19.51,clear sky
431,Tahta,EG,26.7693,31.5021,88.43,14,100,3.47,overcast clouds
432,Waipawa,NZ,-41.4122,175.5153,58.71,77,100,12.46,overcast clouds
433,Zafra,ES,38.4167,-6.4167,69.64,31,68,3.2,broken clouds
434,Puli,TW,23.9664,120.9695,70.86,94,100,1.61,heavy intensity rain
435,Yumen,CN,40.2833,97.2,58.84,43,72,3.83,broken clouds
436,Usinsk,RU,65.9939,57.5281,42.19,87,98,17.2,overcast clouds
437,Ocos,GT,14.5094,-92.1933,91.58,68,100,9.15,overcast clouds
438,Ilulissat,GL,69.2167,-51.1,28.42,74,20,4.61,few clouds
439,Baykit,RU,61.67,96.37,22.48,93,91,3.71,overcast clouds
440,Pimenta Bueno,BR,-11.6725,-61.1936,84.18,70,80,3.89,broken clouds
441,Vila Franca Do Campo,PT,37.7167,-25.4333,69.19,81,97,2.17,overcast clouds
442,Ngunguru,NZ,-35.6167,174.5,59.09,85,100,7.16,overcast clouds
443,Ostrovnoy,RU,68.0531,39.5131,27.41,80,25,5.77,scattered clouds
444,Omsukchan,RU,62.5333,155.8,22.62,90,6,6.22,clear sky
445,Sitka,US,57.0531,-135.33,51.69,62,40,17.27,scattered clouds
446,Japura,ID,-0.3167,102.35,75.13,94,100,2.01,overcast clouds
447,Semporna,MY,4.4818,118.6112,79.34,88,99,7.16,overcast clouds
448,Naryan-Mar,RU,67.6713,53.087,30.2,96,100,4.79,overcast clouds
449,Marsh Harbour,BS,26.5412,-77.0636,78.66,74,0,11.86,clear sky
450,Cam Ranh,VN,11.9214,109.1591,78.76,89,40,3.44,scattered clouds
451,Costinesti,RO,43.95,28.6333,46.06,80,13,2.44,few clouds
452,Lorengau,PG,-2.0226,147.2712,83.64,74,97,15.73,overcast clouds
453,Were Ilu,ET,10.6,39.4333,56.05,67,5,7.31,clear sky
454,Zharkovskiy,RU,55.849,32.2697,40.17,62,88,5.1,overcast clouds
455,Mineros,BO,-17.1167,-63.2333,88.99,35,71,9.4,broken clouds
456,Teya,RU,60.3778,92.6267,21.61,96,100,4.38,overcast clouds
457,Porto Seguro,BR,-16.4497,-39.0647,73.92,94,75,8.05,broken clouds
458,Manavalakurichi,IN,8.1333,77.3,82.96,83,100,17.45,overcast clouds
459,Christchurch,NZ,-43.5333,172.6333,55.47,93,20,6.91,light rain
460,Gainesville,US,29.6516,-82.3248,87.78,38,40,9.22,scattered clouds
461,Llanes,ES,43.4198,-4.7549,59.68,82,0,6.42,clear sky
462,Zachary,US,30.6485,-91.1565,92.75,78,20,9.22,few clouds
463,Atambua,ID,-9.1061,124.8925,73.06,84,37,8.32,scattered clouds
464,Mogadishu,SO,2.0371,45.3438,82.17,86,81,19.01,broken clouds
465,Victor Harbor,AU,-35.5667,138.6167,49.68,74,48,6.58,scattered clouds
466,Vaitape,PF,-16.5167,-151.75,81.86,76,0,10.69,light rain
467,Matamoros,MX,25.5333,-103.25,98.71,6,40,3.44,scattered clouds
468,Macau,MO,22.2006,113.5461,76.8,83,40,6.91,light rain
469,Morley,GB,53.7401,-1.5988,57.42,70,40,5.75,scattered clouds
470,Kwinana,AU,-32.25,115.7667,56.8,89,1,7.2,clear sky
471,Bilibino,RU,68.0546,166.4372,23.05,89,100,5.46,overcast clouds
472,Ugoofaaru,MV,5.6667,73.0,84.33,77,100,17.76,overcast clouds
473,Kars,TR,40.602,43.095,37.85,81,40,9.22,scattered clouds
474,Wiarton,CA,44.7407,-81.1332,64.85,32,20,11.5,few clouds
475,Kavieng,PG,-2.5744,150.7967,83.82,70,100,17.16,overcast clouds
476,Noormarkku,FI,61.5927,21.8685,33.58,80,0,3.44,clear sky
477,San Quintin,MX,30.4833,-115.95,63.46,65,0,20.47,clear sky
478,Cobija,BO,-11.0267,-68.7692,91.58,52,40,5.75,scattered clouds
479,Alice Springs,AU,-23.7,133.8833,44.15,53,100,5.75,overcast clouds
480,Baijiantan,CN,45.6333,85.1833,65.64,14,69,7.56,broken clouds
481,Kerteminde,DK,55.449,10.6577,49.71,74,81,7.58,broken clouds
482,Birao,CF,10.2849,22.7882,90.72,21,99,3.33,overcast clouds
483,Harboore,DK,56.6175,8.1807,48.18,64,71,7.94,broken clouds
484,Ambon,ID,-3.6954,128.1814,77.14,94,40,3.44,scattered clouds
485,Katangli,RU,51.7102,143.2326,31.59,99,100,15.14,light snow
486,Tymovskoye,RU,50.8456,142.655,31.28,98,96,5.77,light snow
487,Nortelandia,BR,-14.4547,-56.8028,87.58,38,5,4.23,clear sky
488,Bairiki,KI,1.3292,172.9752,82.4,78,20,11.5,few clouds
489,Uniontown,US,39.9001,-79.7164,67.21,30,2,4.0,clear sky
490,Karlshamn,SE,56.1706,14.8619,48.9,81,31,6.53,scattered clouds
491,Tyulyachi,RU,55.8913,50.2399,46.94,56,8,6.82,clear sky
492,Tigil,RU,57.8,158.6667,36.12,98,100,4.76,overcast clouds
493,Khatassy,RU,61.9036,129.6383,39.18,98,100,5.75,light rain
494,Charlestown,AU,-32.95,151.6667,55.11,88,38,1.99,scattered clouds
495,Kodumudi,IN,11.0775,77.8836,84.65,67,100,8.46,overcast clouds
496,Havelock,US,34.8791,-76.9013,55.92,93,100,18.41,drizzle
497,Kodinsk,RU,58.6881,99.1844,25.61,81,97,8.12,overcast clouds
498,Sisimiut,GL,66.9395,-53.6735,35.82,59,0,11.61,clear sky
499,Mimoso Do Sul,BR,-21.0642,-41.3664,71.53,81,79,6.22,broken clouds
500,Bhatkal,IN,13.9667,74.5667,82.8,82,100,8.52,overcast clouds
501,Kamphaeng Phet,TH,16.25,99.5,76.73,88,100,2.71,light rain
502,Pecos,US,31.4229,-103.4932,100.49,3,0,21.85,clear sky
503,Touros,BR,-5.1989,-35.4608,79.68,82,100,13.4,overcast clouds
504,Marathon,US,44.9,-89.7668,60.33,37,75,18.41,broken clouds
505,Las Palmas,ES,28.4204,-14.0131,66.99,78,0,6.91,clear sky
506,Vila Velha,BR,-20.3297,-40.2925,75.15,78,75,13.8,broken clouds
507,Cuenca,EC,-2.8833,-78.9833,68.13,52,40,5.75,scattered clouds
508,Veraval,IN,20.9,70.3667,81.73,80,0,16.49,clear sky
509,Lewistown,US,40.5992,-77.5714,67.6,60,0,8.05,haze
510,Bansi,IN,27.1833,82.9333,84.63,46,37,7.58,scattered clouds
511,Cuajinicuilapa,MX,16.4667,-98.4167,94.73,36,89,11.34,overcast clouds
512,Kizukuri,JP,40.8061,140.3861,46.94,73,90,8.59,overcast clouds
513,Foumban,CM,5.7291,10.9001,70.32,73,54,3.62,broken clouds
514,Coquimbo,CL,-29.9533,-71.3436,62.33,67,75,5.75,broken clouds
515,Zaragoza,ES,41.6561,-0.8773,69.85,41,0,8.05,clear sky
516,Dzaoudzi,YT,-12.7887,45.2699,80.49,83,0,5.75,clear sky
517,Srivardhan,IN,18.0333,73.0167,82.02,81,27,9.57,scattered clouds
518,Sao Filipe,CV,14.8961,-24.4956,73.78,73,1,13.27,clear sky
519,Mackenzie,CA,55.2999,-123.1698,43.02,70,75,8.05,broken clouds
520,Baixa Grande,BR,-11.9597,-40.1681,81.46,46,69,11.79,broken clouds
521,Dubai,AE,25.2582,55.3047,89.53,40,0,4.61,clear sky
522,Lebu,CL,-37.6167,-73.65,55.8,97,100,4.41,overcast clouds
523,Gornopravdinsk,RU,60.05,69.9,43.57,89,94,5.06,overcast clouds
524,Defiance,US,41.3334,-84.45,67.21,39,0,11.5,clear sky
525,Nanortalik,GL,60.1432,-45.2371,37.27,88,100,2.06,overcast clouds
526,Caldas Novas,BR,-17.7417,-48.625,79.84,51,99,4.61,overcast clouds
527,Pangnirtung,CA,66.1451,-65.7125,27.37,85,67,3.69,broken clouds
528,Espanola,US,35.9911,-106.0806,85.71,10,46,7.0,scattered clouds
529,Methven,NZ,-43.6333,171.65,52.02,99,100,1.52,overcast clouds
530,Oum Hadjer,TD,13.2954,19.6966,95.47,14,71,1.25,broken clouds
531,Kambove,CD,-10.8764,26.5969,62.1,78,8,3.36,clear sky
532,San Jose,US,37.3394,-121.895,61.88,56,75,15.99,broken clouds
533,Berlevag,NO,70.8578,29.0864,32.0,74,40,13.8,light snow
534,Mackay,AU,-21.15,149.2,70.68,94,75,6.91,broken clouds
535,Kirkwall,GB,58.9848,-2.9587,50.05,87,100,14.97,overcast clouds
536,Abu Zabad,SD,12.35,29.25,89.82,7,100,12.53,overcast clouds
537,Flin Flon,CA,54.7682,-101.865,57.04,33,40,24.16,scattered clouds
538,Santa Cruz De Tenerife,ES,28.4682,-16.2546,76.6,46,20,3.44,few clouds
539,Kieta,PG,-6.2167,155.6333,78.73,88,43,2.53,light rain
540,Coahuayana,MX,18.7333,-103.6833,88.63,47,6,7.9,clear sky
541,Vagur,FO,61.4732,-6.8119,47.8,94,100,23.38,light rain
542,Kholodnyy,RU,62.7167,147.95,20.14,91,25,1.23,scattered clouds
543,Ginir,ET,7.1333,40.7,59.05,74,46,4.25,scattered clouds
544,Chateaubelair,VC,13.2833,-61.25,81.12,78,40,8.05,scattered clouds
545,Mansfield,GB,53.1333,-1.2,54.32,80,35,5.01,scattered clouds
546,Gerash,IR,27.6652,54.1371,77.14,22,0,8.1,clear sky
547,Amahai,ID,-3.3333,128.9167,79.48,88,100,2.3,overcast clouds
548,Roald,NO,62.5833,6.1333,50.92,66,0,17.27,clear sky
549,Nuuk,GL,64.1835,-51.7216,34.41,86,20,15.01,few clouds
550,Kiama,AU,-34.6833,150.8667,57.58,87,95,1.99,light rain
551,Auki,SB,-8.7676,160.7034,78.75,87,100,4.47,overcast clouds
552,Crossville,US,35.949,-85.0269,65.03,69,100,0.0,overcast clouds
553,Asosa,ET,10.0667,34.5333,67.98,73,99,3.71,overcast clouds
554,Basar,IN,27.9833,94.6667,65.68,96,20,2.62,few clouds
555,Naze,JP,28.3667,129.4833,70.72,92,99,7.05,overcast clouds
556,Agartala,IN,23.8364,91.275,78.85,83,19,3.91,few clouds
557,Porto Nacional,BR,-10.7081,-48.4172,89.6,59,23,2.91,few clouds
558,Tateyama,JP,34.9833,139.8667,61.11,73,100,12.91,light rain
559,Chapleau,CA,47.8405,-83.4034,69.89,16,0,9.22,clear sky
560,Perevolotskiy,RU,51.8763,54.1938,51.85,45,100,7.25,overcast clouds
561,Waitati,NZ,-45.75,170.5667,51.8,91,100,2.19,overcast clouds
562,Graaff-Reinet,ZA,-32.2522,24.5308,49.93,87,100,1.43,overcast clouds
563,Sharlyk,RU,52.9167,54.75,52.27,46,100,6.24,overcast clouds
564,Haicheng,CN,40.8516,122.7475,43.61,89,0,3.38,clear sky
565,Urucui,BR,-7.2294,-44.5561,87.3,42,100,2.1,light rain
566,Chambersburg,US,39.9376,-77.6611,62.91,28,66,5.55,broken clouds
567,Pasaco,GT,13.9772,-90.2064,89.65,56,92,10.83,overcast clouds
568,Fuzhou,CN,26.0614,119.3061,66.09,99,100,1.54,light rain
569,Mangaratiba,BR,-22.9597,-44.0406,72.46,84,46,2.26,scattered clouds
570,Yarada,IN,17.65,83.2667,84.52,74,20,2.3,few clouds
571,Bo Phloi,TH,14.3236,99.5161,75.31,85,100,1.9,light rain
572,Jackson,US,42.4165,-122.8345,48.15,68,75,10.36,broken clouds
573,Manggar,ID,-2.8833,108.2667,82.44,80,100,7.49,overcast clouds
574,Weiser,US,44.251,-116.9693,55.31,42,100,8.99,overcast clouds
575,Kiruna,SE,67.8557,20.2251,31.12,69,100,10.36,overcast clouds
576,Raudeberg,NO,61.9875,5.1352,45.95,62,100,19.91,overcast clouds
577,Keti Bandar,PK,24.1447,67.4497,80.94,81,0,13.0,clear sky
578,Peleduy,RU,59.6289,112.7406,31.08,87,89,8.34,overcast clouds
579,Nador,MA,35.174,-2.9287,66.45,52,0,3.44,clear sky
580,Gizo,SB,-8.103,156.8419,82.4,77,94,6.58,overcast clouds
581,Nurobod,UZ,40.9056,69.8023,75.27,36,0,8.3,clear sky
582,Nouadhibou,MR,20.931,-17.0347,66.18,88,20,14.97,few clouds
583,Rupert,US,42.6191,-113.6772,37.35,87,100,10.36,light rain
584,Sao Joao Da Barra,BR,-21.6403,-41.0511,75.29,74,19,14.65,few clouds
585,Paita,PE,-5.0892,-81.1144,72.7,72,88,17.78,overcast clouds
586,Monrovia,LR,6.3005,-10.7969,77.99,87,100,6.85,light rain
587,Ibi,ES,38.6253,-0.5723,59.22,51,24,2.75,few clouds
588,Alta Gracia,AR,-31.6529,-64.4283,73.89,38,95,7.47,overcast clouds
589,Port Hedland,AU,-20.3167,118.5667,69.85,40,79,8.05,broken clouds
590,Cockburn Town,TC,21.4612,-71.1419,79.43,77,0,7.63,clear sky
591,Viking,CA,53.1001,-111.7684,55.26,43,100,18.54,overcast clouds
592,Kupino,RU,54.3663,77.2981,45.91,69,33,4.09,scattered clouds
593,Hovd,MN,48.0056,91.6419,34.61,47,10,11.63,clear sky
594,Kurovskoye,RU,55.5783,38.9108,49.89,93,100,6.64,overcast clouds
595,Key Largo,US,25.0865,-80.4473,91.99,55,0,17.94,clear sky
596,Oktyabrskiy,RU,54.4815,53.471,48.67,49,100,3.09,overcast clouds
597,Lagos,NG,6.5833,3.75,81.23,85,7,7.52,clear sky
598,Killybegs,IE,54.6333,-8.45,56.71,83,100,13.09,overcast clouds
599,Wasilla,US,61.5814,-149.4394,53.29,49,75,8.05,broken clouds
600,Kuching,MY,1.55,110.3333,75.42,100,40,3.44,light rain
601,Mayo,US,38.8876,-76.5119,55.81,58,100,13.8,overcast clouds
602,Kirakira,SB,-10.4544,161.9205,80.98,83,100,11.1,overcast clouds
603,Jacareacanga,BR,-6.2222,-57.7528,81.84,91,18,0.72,few clouds
604,Pizarro,CO,4.9533,-77.366,83.7,77,52,7.43,light rain
605,Teculutan,GT,14.9833,-89.7167,103.75,29,75,0.0,broken clouds
606,Inuvik,CA,68.3499,-133.7218,47.26,49,20,10.36,few clouds
607,Boddam,GB,57.4667,-1.7833,48.58,88,100,20.49,overcast clouds
608,Puerto Del Rosario,ES,28.5004,-13.8627,69.55,78,0,6.91,clear sky
609,Akyab,MM,20.15,92.9,81.57,79,100,8.5,moderate rain
610,Tyup,KG,42.7276,78.3648,54.93,56,0,4.7,clear sky
611,Bilma,NE,18.6853,12.9164,95.25,10,100,4.79,overcast clouds
612,Diffa,NE,13.3154,12.6113,93.02,22,68,7.87,broken clouds
613,Puerto Colombia,CO,10.9878,-74.9547,89.69,76,62,14.54,broken clouds
614,Tulum,MX,20.2167,-87.4667,88.47,63,35,8.03,scattered clouds
615,Gamba,GA,-2.65,10.0,78.21,89,72,3.89,broken clouds
616,Taunggyi,MM,20.7833,97.0333,63.68,96,100,2.53,overcast clouds
617,Bayangol,RU,50.6977,103.4656,29.48,80,100,2.44,overcast clouds
618,Aurangabad,IN,19.8833,75.3333,90.82,22,29,9.64,scattered clouds
619,Cabedelo,BR,-6.9811,-34.8339,81.27,78,98,14.38,overcast clouds
620,Quesnel,CA,52.9999,-122.5029,50.5,46,75,3.44,broken clouds
621,Whitehorse,CA,60.7161,-135.0538,50.77,34,40,8.05,scattered clouds
622,Zhangjiakou,CN,40.81,114.8794,46.9,72,100,3.58,light rain
623,Okhotsk,RU,59.3833,143.3,34.02,86,14,1.14,few clouds
624,Cordoba,AR,-31.4135,-64.1811,75.76,47,0,16.11,clear sky
625,Bukachacha,RU,52.9833,116.9167,48.38,38,76,1.97,broken clouds
626,Karur,IN,10.95,78.0833,84.79,65,100,9.66,overcast clouds
627,Tornio,FI,65.8481,24.1466,35.62,76,56,5.93,broken clouds
628,Omboue,GA,-1.5746,9.2618,78.08,91,50,5.68,scattered clouds
629,Pionerskiy,RU,54.9508,20.2275,48.04,74,100,17.45,overcast clouds
630,Banda Aceh,ID,5.5577,95.3222,79.68,82,100,4.94,overcast clouds
631,Linjiang,CN,41.8069,126.9078,38.12,63,0,0.92,clear sky
632,Egvekinot,RU,66.3167,-179.1667,26.51,94,100,1.86,light snow
633,San Fernando,PH,15.0286,120.6898,80.33,81,81,5.17,broken clouds
634,The Hammocks,US,25.6715,-80.4445,95.02,51,40,16.11,scattered clouds
635,Dingle,PH,10.9995,122.6711,78.15,88,100,8.08,overcast clouds
636,Shrewsbury,GB,52.7101,-2.7521,59.04,72,67,4.61,broken clouds
637,Mercedes,AR,-34.6515,-59.4307,73.85,48,72,6.69,broken clouds
638,Nieuw Amsterdam,SR,5.8833,-55.0833,89.76,70,20,11.5,few clouds
639,Charters Towers,AU,-20.1,146.2667,67.57,93,100,11.97,overcast clouds
640,Gorontalo,ID,0.5412,123.0595,76.28,94,100,2.19,overcast clouds
641,Rundu,NA,-17.9333,19.7667,64.29,29,0,3.83,clear sky
642,Poplar Bluff,US,36.757,-90.3929,74.98,53,75,10.36,broken clouds
643,Zyryanka,RU,65.75,150.85,31.59,77,12,14.83,few clouds
644,Cairns,AU,-16.9167,145.7667,76.06,100,75,8.05,moderate rain
645,Empalme,MX,27.9667,-110.8167,94.35,48,0,12.66,clear sky
646,Salaga,GH,8.5508,-0.5188,84.74,63,49,10.2,light rain
647,Madison,US,34.7334,-86.5667,76.46,53,20,4.61,few clouds
648,Coronado,US,32.6859,-117.1831,71.58,68,40,16.11,scattered clouds
649,Sivas,TR,39.7916,37.0019,41.63,93,75,9.22,broken clouds
650,Vicencia,BR,-7.6569,-35.3267,74.57,89,99,8.77,overcast clouds
651,Shieli,KZ,44.1667,66.75,78.17,29,99,18.21,overcast clouds
652,Russell,US,32.3502,-85.1999,79.97,48,0,3.44,clear sky
653,Calabar,NG,4.9517,8.322,77.43,94,97,3.94,overcast clouds
654,Kushima,JP,31.4583,131.2333,65.84,89,97,2.33,overcast clouds
655,Macenta,GN,8.5435,-9.471,72.54,90,100,2.55,overcast clouds
656,Harwich,GB,51.9419,1.2844,49.17,78,12,7.0,few clouds
657,Jamame,SO,0.0722,42.7506,78.71,87,99,8.61,overcast clouds
658,Guayaramerin,BO,-10.8368,-65.3614,89.65,51,40,2.3,scattered clouds
659,Qobustan,AZ,40.0824,49.412,56.48,82,100,3.42,light rain
660,Dongsheng,CN,39.8161,109.9776,49.64,51,100,6.64,overcast clouds
661,Rumonge,BI,-3.9736,29.4386,70.66,84,99,3.83,light rain
662,Nioro,GM,13.35,-15.75,87.26,34,0,12.8,clear sky
663,Skibbereen,IE,51.55,-9.2667,56.1,94,90,10.47,overcast clouds
664,Zhezkazgan,KZ,47.8043,67.7144,53.91,32,100,17.07,overcast clouds
665,Iskitim,RU,54.6366,83.3045,38.95,79,50,1.63,scattered clouds
666,Nosy Varika,MG,-20.5833,48.5333,73.65,90,11,5.68,few clouds
667,Letlhakane,BW,-21.4167,25.5833,65.39,31,1,7.67,clear sky
668,Chapais,CA,49.7834,-74.8492,60.58,38,15,3.8,few clouds
669,Nizhnyaya Omka,RU,55.4338,74.9426,45.64,75,9,5.68,clear sky
670,Badiraguato,MX,25.3667,-107.5167,95.7,10,8,8.19,clear sky
671,Novyy Urengoy,RU,66.0833,76.6333,33.64,99,100,13.06,overcast clouds
672,Seondha,IN,26.1578,78.7797,89.19,19,0,7.16,clear sky
673,Lukovetskiy,RU,64.2956,41.9211,31.6,93,100,4.12,overcast clouds
674,Rio Gallegos,AR,-51.6226,-69.2181,50.05,43,0,26.46,clear sky
675,Taltal,CL,-25.4,-70.4833,64.87,62,2,5.5,clear sky
676,Vostok,RU,46.4856,135.8833,31.08,91,75,5.1,broken clouds
677,Sungairaya,ID,0.7,108.9,78.48,88,100,8.25,moderate rain
678,Luba,GQ,3.4568,8.5547,81.46,85,65,6.46,light rain
679,Ketchikan,US,55.3422,-131.6461,55.87,47,0,12.66,clear sky
680,Sindou,BF,10.6667,-5.1667,82.18,58,99,6.24,light rain
681,Dalby,AU,-27.1833,151.2667,60.98,88,100,13.06,moderate rain
682,Loreto,MX,22.2667,-101.9667,87.91,12,97,9.26,overcast clouds
683,Marystown,CA,47.1666,-55.1483,43.5,56,0,10.58,clear sky
684,Xining,CN,36.6167,101.7667,45.95,78,1,1.3,clear sky
685,Hannibal,US,39.7084,-91.3585,74.34,64,53,18.37,broken clouds
686,Kabompo,ZM,-13.5927,24.2008,69.8,52,29,4.45,scattered clouds
687,Teknaf,BD,20.8624,92.3058,79.86,85,100,7.25,overcast clouds
688,Plunge,LT,55.9114,21.8442,39.79,56,23,7.54,few clouds
689,Waingapu,ID,-9.6567,120.2641,78.8,82,19,10.49,few clouds
690,Seoul,KR,37.5683,126.9778,51.4,87,0,3.44,clear sky
691,Bassano,CA,50.7834,-112.4685,51.03,54,99,10.65,overcast clouds
